,l_mean,l_std,l_entropy,l_ggd1,l_ggd2,l_aggd1,l_aggd2,l_aggd3,l_aggd4,l_gamma1,l_gamma2,a_mean,a_std,a_entropy,a_ggd1,a_ggd2,a_aggd1,a_aggd2,a_aggd3,a_aggd4,a_gamma1,a_gamma2,b_mean,b_std,b_entropy,b_ggd1,b_ggd2,b_aggd1,b_aggd2,b_aggd3,b_aggd4,b_gamma1,b_gamma2,curvature_mean,curvature_std,curvature_entropy,curvature_ggd1,curvature_ggd2,curvature_aggd1,curvature_aggd2,curvature_aggd3,curvature_aggd4,curvature_gamma1,curvature_gamma2,anisotropy_mean,anisotropy_std,anisotropy_entropy,anisotropy_ggd1,anisotropy_ggd2,anisotropy_aggd1,anisotropy_aggd2,anisotropy_aggd3,anisotropy_aggd4,anisotropy_gamma1,anisotropy_gamma2,linearity_mean,linearity_std,linearity_entropy,linearity_ggd1,linearity_ggd2,linearity_aggd1,linearity_aggd2,linearity_aggd3,linearity_aggd4
both_drjohnson_input,46.43800950468435,28.622650039636763,7.410914695197885,5.400467708538505,12.25811806965482,6.408902645319251,12.147602526395723,14.288597307758007,6.65135872320506,0.072682016,0.05724864,7.095905046417661,1.7620000000000013,0.09252064,3.8300000000000036,0.3567129649279054,0.7980115,1.2230941,1.6118533708553429,0.045092199471750104,0.8737429,0.11538153,6.625244628991357,10.000000000000007,0.8813283,2.274000000000002,-0.5081103386384347,1.3363292,0.7080561,57.34513567999079,0.015236564055613975,0.50409484,0.19049352,7.338130697466672,10.000000000000007,0.53888696,2.8590000000000027,-0.06866068966956863,1.0420996,0.9588264,7.002708513813559,0.07198569646590029,0.36964822,0.19118139,7.320178396701287,10.000000000000007,0.41616094,2.9590000000000027,0.161645099224279,0.90431094,1.0998794,3.738418761286596,0.09887822372875851,0.126257,0.11538154,6.6252458256983395,1.2100000000000009,0.17103705,2.274000000000002,0.50811168837086,0.70805514,1.3363299,1.1974028108753032,0.1054423840837826
train_input,46.05549072148156,28.485930559703377,7.4946399215765345,-0.7731969754010017,7.396100464125224,6.0810450550320745,3.5325232459022082,12.469013477595597,6.512017233077033,0.08254088,0.057030328,7.1468043401272485,2.7760000000000025,0.10032664,3.3820000000000032,0.27437068365051237,0.8409322,1.170072,2.0947354824159135,0.03940396031024829,0.8561653,0.11764743,6.746826930826961,10.000000000000007,0.86421055,2.227000000000002,-0.44631226935264057,1.2923101,0.73931384,52.960627347289346,0.01616607092519491,0.51213855,0.19140126,7.338484356609069,10.000000000000007,0.5467358,2.9130000000000025,-0.09164426509179059,1.0563108,0.9453118,7.159589670359367,0.07153183070385409,0.34402686,0.18380642,7.266873897756859,10.000000000000007,0.3900501,2.8440000000000025,0.20119023414718698,0.88138443,1.1254859,3.5032101992603657,0.09820332150086884,0.14383464,0.11764744,6.746828986419047,1.5860000000000012,0.18582045,2.227000000000002,0.44631299093844523,0.7393133,1.2923105,1.494737018933634,0.09622738288129147
edge_images_dark_input,17.751525373587416,16.05007471686298,5.9680963949347525,1.7050344947007214,5.6224375574399135,5.4702460224820975,-8.729764142760748,10.99273580875322,5.696895518371958,0.05999876,0.055573486,5.693387391883852,1.1760000000000008,0.081752576,5.172000000000005,0.47858267550647265,0.7417823,1.3052984,1.1674065887635976,0.051394917707022446,0.9002552,0.105520196,5.577986836269856,10.000000000000007,0.90640867,2.426000000000002,-0.591378644154854,1.3972296,0.6704002,72.90089827267002,0.012349027038713668,0.5884025,0.21043213,5.811631144630246,10.000000000000007,0.6248445,3.204000000000003,-0.1691761413713538,1.1027889,0.89917964,7.830649838417457,0.07514095973074643,0.31185266,0.19774751,5.847699676109529,4.446000000000004,0.36918238,2.7420000000000027,0.3635399913420664,0.78955626,1.231843,2.4908619335332247,0.12519870155705282,0.099744804,0.1055202,5.577986836269856,0.8980000000000006,0.14514235,2.426000000000002,0.591378547161209,0.6704002,1.3972294,0.8949157365646556,0.11145720828840458
exposure_truck_input,37.80584547857865,25.424043785180157,7.3651866982324385,-2.80841427312869,9.589411261686989,6.155934289258519,-5.9492325430706545,17.697144825910414,6.717349317877313,0.10109167,0.05852156,7.25883761003287,10.000000000000007,0.11680869,3.257000000000003,0.16284742348128786,0.9037905,1.0995842,2.9840279476439378,0.033877586688924675,0.81935304,0.12680703,6.887230674027139,10.000000000000007,0.8291076,2.412000000000002,-0.34684361069518954,1.2218922,0.79538476,41.75028193502749,0.019625089095191648,0.5024323,0.19322397,7.35135000077572,10.000000000000007,0.538306,2.8530000000000024,-0.05459915910150889,1.0334226,0.9671934,6.761407963624379,0.07430883193965057,0.31692082,0.17482679,7.235428932330203,10.000000000000007,0.36194324,2.7530000000000023,0.2200088840025526,0.8700429,1.1376262,3.2861666562112646,0.09644088394829807,0.18064693,0.12680703,6.887228519748074,2.5990000000000024,0.22071065,2.412000000000002,0.3468440469393908,0.7953846,1.2218926,2.029449851111295,0.08901275327562566
both_bin_new_medium_input,37.09254462803275,26.831075587202868,7.324816795084881,-3.12154023933109,12.942943527792949,6.6180554502264854,-3.493150497525318,14.616447417404492,6.626973315952061,0.098523006,0.05308065,7.133865962781265,10.000000000000007,0.11191108,2.9880000000000027,0.2202097653911819,0.8706901,1.1369345,3.445407999445038,0.028595453358505992,0.82651293,0.11316453,6.813744310188143,10.000000000000007,0.8342234,2.272000000000002,-0.3878892639386515,1.2521315,0.7724694,53.34780157684236,0.015492914711049731,0.4939982,0.18374032,7.266358396462778,10.000000000000007,0.5270596,2.9370000000000025,-0.07514549132466211,1.0461123,0.9551492,7.229024144271534,0.06833538755805722,0.33251467,0.1751796,7.182599935693251,10.000000000000007,0.37583408,2.9080000000000026,0.17675137836054153,0.89512444,1.1092308,3.6032335213309494,0.0922823020595419,0.17348707,0.11316453,6.813841999985298,3.689000000000003,0.20713004,2.272000000000002,0.3878892639386515,0.7724694,1.2521315,2.3504522933549765,0.07381008037140971
exposure_playroom_old_input,38.15275447988641,20.291974866259906,7.331400253957936,10.595249999118813,13.54070853438592,6.567440170302027,26.335838472096402,19.73670520683683,7.027237035464119,0.055198904,0.04985603,6.864206601283298,1.2420000000000009,0.074380614,2.7430000000000025,0.4833518847598433,0.7262441,1.3142788,1.225849398770663,0.04502911050736726,0.9091086,0.09540153,6.434233768528461,10.000000000000007,0.91410047,1.7300000000000013,-0.618902298289301,1.4315406,0.641768,90.80973455568255,0.010011135750547216,0.57200485,0.20603444,7.357274990629069,10.000000000000007,0.6079791,3.062000000000003,-0.1284468607972844,1.0789906,0.92394817,7.707816278589746,0.0742110123729593,0.33710366,0.19558647,7.288028763757058,10.000000000000007,0.38973317,3.086000000000003,0.22173500079154793,0.87039226,1.1379006,2.9707140542769963,0.11347563993278623,0.09089147,0.09540153,6.434240728938061,0.9100000000000006,0.13176672,1.7300000000000013,0.6189015042371216,0.6417685,1.4315401,0.9077101262527698,0.10013270880116752
train_old_input,46.732683825427365,27.775175938975778,7.534374778037709,-1.0799750727832704,7.430511251439295,6.158119271551442,3.7297121257646637,12.238720456540095,6.53050581582433,0.06616675,0.052894283,7.049480886646094,1.6890000000000012,0.08471021,3.2370000000000028,0.40055248080250355,0.77289546,1.2546675,1.5648266387145213,0.042283756313578294,0.8880588,0.10427402,6.580506237197525,10.000000000000007,0.8941597,1.9870000000000017,-0.5436631707052947,1.3671571,0.68526894,72.53292452232927,0.012243525306308156,0.53367984,0.19448872,7.3473991228399935,10.000000000000007,0.56801385,2.8980000000000024,-0.10907737314298085,1.0672164,0.935054,7.529683624289248,0.07087678987132667,0.35437897,0.18835284,7.2988911801367315,10.000000000000007,0.4013239,2.9010000000000025,0.1888688463148402,0.8884482,1.1172721,3.5399368549457364,0.10010883608915631,0.11194118,0.10427401,6.580506930829879,1.1600000000000008,0.152983,1.9870000000000017,0.543663645927654,0.6852687,1.3671575,1.1524752745790465,0.09713110096925473
playroom_input,44.59360814967157,20.37023706621962,7.295780267173463,17.113585910229954,14.471489635183739,6.601504327686127,36.51635215278691,20.078397975996932,7.0018129645640625,0.07432327,0.05652038,7.101230651500105,1.9590000000000016,0.093372695,3.565000000000003,0.31866640130151014,0.8170135,1.1981628,1.7291991283907606,0.042981325455333154,0.8726885,0.11428121,6.69099034735756,10.000000000000007,0.88013935,2.1980000000000017,-0.4829893237590583,1.3183637,0.71913415,58.31420781800466,0.014965280138676752,0.5480332,0.20281972,7.3837342128048835,10.000000000000007,0.58435917,2.9410000000000025,-0.08880967809426321,1.0544178,0.94692457,7.30127761836053,0.07505989523499268,0.32465544,0.18561766,7.253078553480729,10.000000000000007,0.3739714,3.0040000000000027,0.22988111572278078,0.86562055,1.1434567,3.0592318556222295,0.10612319057269319,0.12731144,0.11428121,6.690975528563505,1.260000000000001,0.1710796,2.1980000000000017,0.48299033264886393,0.7191335,1.3183643,1.2410543494445534,0.10258329992541688
edge_bin_new_dark_old_input,18.106191463502608,17.7430661500137,6.1888671809935305,-0.3204311316404403,4.878336487448559,6.0719148730824575,-8.09650797679091,8.995305658904709,6.280233172873839,0.045785192,0.04799724,6.041569840556871,0.9130000000000007,0.066317156,1.7300000000000013,0.6235403570692482,0.63799065,1.4336818,0.9107616140354935,0.050271321385215756,0.9235091,0.09299896,5.710200026896539,10.000000000000007,0.9281757,1.193000000000001,-0.721487798524658,1.5449862,0.5647967,98.69915493457029,0.00935680803944213,0.5409248,0.1979404,6.402945789841516,10.000000000000007,0.5759732,2.6470000000000025,-0.04944900776391955,1.0295851,0.96925825,7.474672387875728,0.07236769307511966,0.3825843,0.1942211,6.4066067227110794,10.000000000000007,0.4290209,3.027000000000003,0.13002964597076253,0.92171437,1.078788,3.883727189358069,0.09850957476336304,0.076490924,0.09299895,5.710050787168534,0.7030000000000005,0.12038256,1.193000000000001,0.72148727204661,0.56479716,1.544986,0.6770971123558844,0.11296890869034326
exposure_bin_new_dark_old_input,31.36655000090559,19.3304769446623,6.425624355744491,3.6502555808223747,6.15596103924002,6.212750218927133,-14.94335118393997,9.476808838502299,6.247440424336903,0.04891645,0.04322797,6.155194150349692,1.308000000000001,0.06526756,2.6240000000000023,0.5461814692662261,0.69532394,1.3621247,1.2816144802073381,0.03816783773003695,0.919834,0.07911426,5.922928636493286,10.000000000000007,0.92322713,2.0060000000000016,-0.636948308544009,1.4407837,0.6427588,135.29650125945045,0.006798653040554553,0.5308703,0.19806865,6.3956642759129245,10.000000000000007,0.5665867,2.594000000000002,-0.08289235610788141,1.0503366,0.94904304,7.189896056547752,0.0738356052611316,0.3889637,0.19518249,6.386586339916386,10.000000000000007,0.43515044,2.553000000000002,0.12147986318594559,0.92570794,1.0743519,3.9747851361654654,0.0978577948528031,0.080165945,0.07911426,5.922928636493286,1.0280000000000007,0.11260644,2.0060000000000016,0.6369489270033796,0.64275837,1.4407841,1.0276553799051271,0.07800859008290119
pingpong_input,36.50031344113343,20.089248741024452,7.0417225927070035,0.8888968032697775,7.260479967053854,6.4622682975783174,-26.42765180548154,15.155878581694237,6.968771735636117,0.08615771,0.057771515,7.037011132079005,3.1860000000000026,0.10373135,3.347000000000003,0.2187544278131827,0.872094,1.1346754,2.2244698977408603,0.03873179399287369,0.8499318,0.119418964,6.741116426838463,10.000000000000007,0.858279,2.359000000000002,-0.4012249098792056,1.2600677,0.76568377,50.66258466861109,0.016776321462628925,0.52769774,0.19780855,7.1787195272094255,10.000000000000007,0.56354874,2.8500000000000023,-0.09221379899354704,1.0568513,0.9449867,7.117805360250941,0.07413770130744876,0.32223406,0.1809699,7.1026908903560555,10.000000000000007,0.36956722,2.7180000000000026,0.23303617157785897,0.8628855,1.1465921,3.1709980915571947,0.10161913297550786,0.15006821,0.119418964,6.741116426838463,1.7120000000000013,0.19177903,2.359000000000002,0.40122495825227505,0.7656837,1.2600677,1.5794163364853517,0.09501498578303665
exposure_images_dark_old_input,29.457070078724175,20.554560230765023,5.6080269913354845,5.847503536819673,5.847048472953361,5.532364146939777,-16.245324307139295,10.866803795603083,5.563232995397204,0.048670575,0.046839084,5.348883224111753,1.0850000000000009,0.06750531,4.893000000000004,0.5763517278001771,0.6954935,1.3753792,1.0825738603193855,0.04495820390216337,0.92046285,0.08793592,5.2289580446122805,10.000000000000007,0.9246428,2.027000000000002,-0.6669568534454906,1.461795,0.62715185,109.85537809235757,0.008378860485462193,0.57112837,0.20172273,5.459003252914757,10.000000000000007,0.6056178,3.4940000000000033,-0.1055500811797703,1.0633674,0.93698204,8.037096792636987,0.07106152105173974,0.34933448,0.19141328,5.432341606713809,10.000000000000007,0.39821783,3.2250000000000028,0.13768048377620523,0.91656756,1.0822034,3.3394904199332274,0.10460711599764617,0.07953716,0.087935925,5.2289580446122805,0.8290000000000006,0.11848456,2.027000000000002,0.6669568058158809,0.6271519,1.461795,0.8202549682313851,0.09696638673411977
both_pingpong_input,43.01720018182318,24.880210361526938,7.3184880703480335,4.819113921000861,12.47635365359843,6.585345986222747,-26.97568034566873,19.84317387544719,6.8375393789101855,0.10961304,0.054323327,7.219421095264053,10.000000000000007,0.12233525,2.7780000000000022,0.14147603890295074,0.9150649,1.0870155,4.071656728782727,0.026920993415099365,0.80341023,0.12006758,6.977686692836126,10.000000000000007,0.8123321,2.201000000000002,-0.33201114631323897,1.2145345,0.8026757,44.775721665356286,0.017942987871739355,0.48595357,0.18418679,7.299912106453378,10.000000000000007,0.5196866,2.9130000000000025,-0.07959906776590109,1.0489506,0.95254064,6.961326071549593,0.06980761007604805,0.31745657,0.17041877,7.222416303972013,10.000000000000007,0.36030534,2.6800000000000024,0.21094682495797012,0.87490606,1.1320035,3.4701899529768667,0.09148103752957226,0.19658986,0.12006758,6.9777159337798125,6.153000000000006,0.23035438,2.201000000000002,0.33201018533308857,0.8026763,1.2145339,2.6809586240915593,0.07332819833675434
edge_drjohnson_old_input,31.20079784977227,25.41604160617976,7.117234129612729,3.3109598719733775,7.144151006590839,6.215475511706253,10.094319043626458,10.932877321071828,6.52194441037543,0.045818012,0.046735045,6.684665102554209,0.9620000000000006,0.06544791,2.2940000000000023,0.5983526829754856,0.66611487,1.4053458,0.9611524215398539,0.04766986865297262,0.92467856,0.088039026,6.203017754006131,10.000000000000007,0.92886025,1.444000000000001,-0.6959681380727277,1.5065112,0.59393656,110.31543844112548,0.008382132461476592,0.5450259,0.19739406,7.352241826797865,10.000000000000007,0.5796699,2.8790000000000027,-0.10628009149317626,1.0654426,0.93660873,7.623794634254466,0.07149011132667708,0.37965274,0.1965121,7.346803798591964,10.000000000000007,0.4274959,2.9410000000000025,0.15180919953637462,0.90998834,1.0937349,3.7324974877358272,0.10171546727690484,0.075321354,0.08803902,6.203026847815555,0.7500000000000004,0.115862355,1.444000000000001,0.6959693199555207,0.5939357,1.5065119,0.7319661952820447,0.10290278238155784
pingpong_old_input,29.45152231426061,17.31786545969456,6.35801064142529,0.39502729433567746,4.837775438677036,6.045678045398509,-18.98982199277328,14.18839389747728,6.258616097936972,0.044207405,0.04481811,5.87474805300558,0.9740000000000006,0.06293535,2.5360000000000023,0.5081421341067461,0.70774806,1.3298665,0.9739508487831614,0.045389768811111376,0.928956,0.0815633,5.641083019068178,10.000000000000007,0.93252605,1.6640000000000013,-0.6518099830885383,1.4619409,0.6256902,129.85381640639753,0.00715385972460799,0.57516265,0.20756182,6.1755473625214625,10.000000000000007,0.6114319,3.7230000000000034,-0.1594229417469805,1.097948,0.9076998,7.686708868481219,0.07482560740712767,0.35379332,0.20383142,6.129706645325744,10.000000000000007,0.40825668,3.479000000000003,0.27719954766968175,0.842937,1.1749345,3.015858785475757,0.11731096818434873,0.07104403,0.0815633,5.641083019068178,0.7740000000000005,0.10813359,1.6640000000000013,0.6518099830885383,0.6256902,1.4619409,0.7594856807590986,0.09354228526608248
bin_new_medium_input,29.619952325592994,18.54375607252009,6.964542082929186,-2.20999653964519,3.9233926276245144,6.439419038803885,-7.255121649634312,7.985468493533675,6.6605585734385215,0.07453586,0.05407729,6.922690814501702,2.2940000000000023,0.092083715,2.9150000000000027,0.3510324314119315,0.7961101,1.2212578,1.9001176002793727,0.039226973160674576,0.87349,0.11057114,6.646208495998163,10.000000000000007,0.88045925,1.8850000000000013,-0.5230299907658048,1.3526818,0.6925699,62.418311815421475,0.013994130486903181,0.55139035,0.20110607,7.1141581953421245,10.000000000000007,0.5869136,3.0770000000000026,-0.15770665468076925,1.0982698,0.9079708,7.518785531851847,0.07333502749272783,0.32209966,0.1838775,7.05223365368066,10.000000000000007,0.37088126,2.9690000000000025,0.24414640213228891,0.8571882,1.1525029,3.0690440290129573,0.10495113886078578,0.12651,0.11057114,6.646208495998163,1.342000000000001,0.16801342,1.8850000000000013,0.523030463034513,0.6925697,1.3526821,1.3093201469399816,0.09662266426335288
drjohnson_input,27.817241499455605,19.418548442335936,7.185768144157331,5.247640198782663,6.724369784321686,6.353561480168106,10.088603400735801,10.013581343612746,6.6262615587804286,0.0548095,0.052808948,6.8543102073806494,1.0790000000000008,0.076110765,3.023000000000003,0.5423007170488835,0.70149285,1.3566417,1.0772073978211125,0.0508811006472274,0.9071091,0.10270093,6.349422409265614,10.000000000000007,0.9129043,1.7800000000000014,-0.6589927798835699,1.4634777,0.6257242,78.01409198589772,0.011627502306289006,0.5231076,0.19771177,7.3707769656794335,10.000000000000007,0.55922383,2.8620000000000028,-0.07125362168881293,1.0437711,0.9573598,7.000350339795261,0.07472591819040769,0.3840015,0.1984126,7.359496450819256,10.000000000000007,0.43223193,3.0290000000000026,0.13997715743061093,0.916969,1.0860516,3.745675371789048,0.1025186233003347,0.092890896,0.102700934,6.349422886664437,0.8270000000000006,0.13847792,1.7800000000000014,0.6589931080865588,0.6257239,1.4634778,0.8180884557937738,0.1135462670249954
edge_bin_new_medium_old_input,22.12421883139807,19.930342707541225,6.828363033752374,-1.9164996748416638,5.685263028578076,6.352577751826505,-4.026697507936888,7.882101579049685,6.548569801153306,0.063090526,0.04638827,6.765015328466774,2.189000000000002,0.07830599,2.305000000000002,0.44294690318484026,0.7444005,1.2913855,1.8501393047486658,0.034100416271109824,0.8949712,0.090718865,6.419660100692067,10.000000000000007,0.89955634,1.6020000000000012,-0.5763937709971463,1.4032713,0.65970606,97.34537385704698,0.009193771545098683,0.52868,0.19279504,7.080134197989089,10.000000000000007,0.56272966,2.8840000000000026,-0.08419266593718058,1.0510823,0.94903576,7.521190229005015,0.07029207353367162,0.36629114,0.18720332,7.067855261727332,10.000000000000007,0.41134757,2.9940000000000024,0.15826752290387977,0.90612334,1.0974503,3.829290118557992,0.09565510708629249,0.105028786,0.09071887,6.419660100692067,1.381000000000001,0.13877755,1.6020000000000012,0.5763940944256795,0.65970576,1.4032714,1.3406451188246962,0.07834197043548946
edge_pingpong_input,30.324387375382248,20.594471741606995,7.17095998257389,1.574639234306862,8.479802024685492,6.3560074096291785,-21.48626380697081,15.653093214752163,6.809062656170911,0.096428275,0.05559946,7.190184433497717,10.000000000000007,0.11130848,3.0580000000000025,0.21956704704679045,0.8710527,1.1361052,3.008061189206174,0.032056621777236075,0.82984465,0.119667225,6.86697963636591,10.000000000000007,0.8384282,2.159000000000002,-0.3991707487617045,1.2604272,0.7642794,48.09081819502262,0.017255782378466086,0.5056344,0.19035727,7.291193565993614,10.000000000000007,0.54027814,2.9050000000000025,-0.0951924686882002,1.0588613,0.9435422,7.055914851271382,0.07166107509984584,0.32421026,0.17446834,7.211196251372985,10.000000000000007,0.36817136,2.8000000000000025,0.21561754359643778,0.8730101,1.1349176,3.4533390363349667,0.09388311895450566,0.17015532,0.119667225,6.866993739747327,2.5800000000000023,0.20802031,2.159000000000002,0.3991711323962608,0.7642792,1.2604275,2.021899714964789,0.08415616412952655
both_playroom_input,42.58015513921149,23.009197605307342,7.347053906580977,10.580069972505651,13.726092370968306,6.286503148618377,28.20458555721558,20.78320166486904,6.823871070035905,0.08461791,0.05746855,7.183421524410125,2.9960000000000027,0.102287844,3.6060000000000034,0.25518225557068874,0.8519856,1.1570157,2.16803919503333,0.03902969543795386,0.8518916,0.11880414,6.764375596238079,10.000000000000007,0.8601358,2.3260000000000023,-0.42523426227584965,1.2759938,0.7513341,51.417216249687044,0.016568217560693415,0.50593674,0.19151942,7.337561316687477,10.000000000000007,0.5409727,2.8820000000000023,-0.0779732814432213,1.0479329,0.9534199,6.978623133385554,0.07249807282147719,0.3459548,0.18553108,7.294392960878618,10.000000000000007,0.39256373,2.8650000000000024,0.19403085557539057,0.8853368,1.1206259,3.477029472722748,0.09949722693318235,0.14810841,0.11880414,6.764379382240662,1.6730000000000012,0.18986951,2.3260000000000023,0.4252344555129867,0.75133395,1.275994,1.5541727328235453,0.09529725688302917
exposure_bin_new_dark_input,32.956518802593536,19.740288423507383,6.844086941919832,2.9867378126701145,6.762737781358131,6.4216303697618855,-14.725677995676596,10.608497893192794,6.571468978866539,0.07441095,0.053158313,6.802843539054699,2.429000000000002,0.091443226,2.9050000000000025,0.36671782257952934,0.7890892,1.2333424,1.9600840482185191,0.03796314252197706,0.8730223,0.10709955,6.539381759264642,10.000000000000007,0.87956494,1.9580000000000015,-0.5198190915738935,1.3515393,0.6984482,66.46895003534519,0.013134287826163233,0.5270042,0.19197662,6.917585706189302,10.000000000000007,0.560871,2.6970000000000023,-0.10537435601077966,1.0657974,0.9374333,7.538324515122952,0.06990998596779034,0.3460181,0.18354909,6.88772718895973,10.000000000000007,0.39167294,2.8830000000000027,0.19143561537111706,0.887187,1.1192241,3.5549747676606245,0.09733348732781938,0.12697768,0.107099555,6.539381759264642,1.465000000000001,0.16610195,1.9580000000000015,0.5198190915738935,0.6984482,1.3515393,1.4061215364125843,0.0903034911848918
both_bin_new_medium_old_input,37.340576132922365,30.055834095237,7.035950370954342,-2.7390817606916484,11.99482474343601,6.437704086190138,-4.0098686138963675,13.362662249391807,6.478986678451155,0.069420904,0.04683071,6.827652760899469,3.094000000000003,0.083736725,2.293000000000002,0.38967479776472796,0.772223,1.2536644,2.1979888630651203,0.03158383109090205,0.88367766,0.092791334,6.488177585574224,10.000000000000007,0.888535,1.6730000000000012,-0.5263261776110912,1.3624817,0.6877359,90.71504455897957,0.009741246310026257,0.52639145,0.19471006,7.086709656355501,10.000000000000007,0.5612404,3.054000000000003,-0.13190955940223625,1.0817069,0.9224571,7.310503297402704,0.07200481381179717,0.35728619,0.18608814,7.020059711935869,10.000000000000007,0.4028321,2.9290000000000025,0.1712264085344395,0.89805007,1.1053582,3.68724033719117,0.09689798943814085,0.1163223,0.092791334,6.488177585574224,1.7000000000000013,0.1487918,1.6730000000000012,0.5263266425489233,0.68773556,1.362482,1.5718734351427344,0.07400233369062555
both_bin_new_dark_old_input,32.06308208703467,27.17808321525106,6.5850377218579705,2.9086219749979536,9.138719349674144,6.287386201789086,-11.198882078618537,12.897046006524434,6.316680358030719,0.048518687,0.044272054,6.173041011686093,1.215000000000001,0.0656712,2.245000000000002,0.5953344399130152,0.66814935,1.4052002,1.2018844194981284,0.04036884711605018,0.92041826,0.08259755,5.9203452866541815,10.000000000000007,0.92411435,1.5350000000000013,-0.6944117183438052,1.504652,0.6030232,124.2625259648812,0.0074070455394969975,0.5269939,0.19798258,6.548390761669122,10.000000000000007,0.56293184,2.698000000000002,-0.11020616960608126,1.0688007,0.93455446,7.090243941464905,0.07432661396215864,0.39342433,0.19978763,6.546435981041146,10.000000000000007,0.4412141,2.6540000000000026,0.1515610474968473,0.90936047,1.094223,3.880514041578863,0.10138459311980624,0.07958173,0.08259755,5.9203452866541815,0.9300000000000006,0.11467707,1.5350000000000013,0.6944118101557826,0.60302305,1.504652,0.9289589510494842,0.08566765235920744
exposure_drjohnson_old_input,40.53166427461778,23.68606718566347,7.411110670015249,10.125340592593474,12.760201228025808,6.69076480224845,14.295105451938113,14.006390015528456,6.7211750735612235,0.041217517,0.044147838,6.5637776542423865,0.8760000000000006,0.060397767,1.9730000000000014,0.648872356605886,0.63744086,1.45195,0.8716665156891992,0.047285880622111795,0.9328142,0.08208283,6.055304497707761,10.000000000000007,0.9364186,1.307000000000001,-0.7362304175137865,1.5522622,0.56978536,129.14906509337834,0.0072227720567063294,0.5465001,0.20066659,7.366596655688931,10.000000000000007,0.582176,2.8660000000000023,-0.10787703951929947,1.0665829,0.9357705,7.417130257051724,0.07368079464388447,0.3863141,0.20015937,7.359146448979213,10.000000000000007,0.43508828,2.9480000000000026,0.1467891662568606,0.91303307,1.0906739,3.72507373545092,0.10370642801323396,0.067185834,0.08208283,6.055303998829947,0.6970000000000005,0.10607281,1.307000000000001,0.7362303281829216,0.5697855,1.5522622,0.6699715908535495,0.10028161880848123
both_pingpong_old_input,48.62417378901275,28.22853959146331,6.7679207687850615,1.468659628720896,10.616454814428685,6.2354626794544625,-19.02706835155358,16.29804844497562,6.388527276276951,0.05447158,0.046522282,6.462650852307257,1.420000000000001,0.07162689,2.104000000000002,0.5423648688474898,0.68843246,1.3643963,1.3716129127724344,0.03971351869118068,0.9100765,0.08995558,6.165604842210014,10.000000000000007,0.9145094,1.442000000000001,-0.6542331252460919,1.4696617,0.61161315,102.40312541102412,0.008887195390320313,0.5388358,0.19494036,6.779084530098753,10.000000000000007,0.57299834,2.650000000000002,-0.09717666910965257,1.059456,0.940913,7.644042971907993,0.07049095185975526,0.37124074,0.19119792,6.751784632382957,10.000000000000007,0.4175624,3.030000000000003,0.15532797054059164,0.90833867,1.0959598,3.7718864143418074,0.09842309541799327,0.08992341,0.08995558,6.165604842210014,1.0000000000000007,0.12717803,1.442000000000001,0.6542343523025115,0.61161226,1.4696624,0.9997764950721013,0.0899435143975849
both_images_dark_old_input,31.044509099449982,26.692115462172257,5.794504802576887,5.572255019238567,8.589247021134119,5.701958572647884,-12.565151809390644,12.99570384670954,5.761820903308868,0.054849427,0.05231046,5.476415670433866,1.1050000000000009,0.075755246,3.457000000000003,0.485942445948477,0.7282239,1.310437,1.101839853430434,0.049779850746586786,0.9088263,0.09789123,5.3716434080174125,10.000000000000007,0.9140716,2.0490000000000017,-0.5803757801427805,1.389176,0.6637531,86.38247168187172,0.010520958075291091,0.5591914,0.19409017,5.63256597044441,10.000000000000007,0.5918476,4.599000000000004,-0.17477571601619074,1.1061774,0.89954317,8.318886630864256,0.06721950083720504,0.3496349,0.18894543,5.586623365297135,10.000000000000007,0.3973246,3.7150000000000034,0.20504290889658147,0.8784404,1.1231562,3.431690300090068,0.10188416648009496,0.091173686,0.09789123,5.3716434080174125,0.8740000000000006,0.13369505,2.0490000000000017,0.5803760185767431,0.6637529,1.3891761,0.8693664034286854,0.10487371654688928
playroom_old_input,45.24847244313696,20.19867870091613,7.334512656725538,17.40003130834687,14.868844329702132,6.712144737437013,36.8533558334499,20.599010066422128,7.053977197478964,0.055187803,0.0505545,6.859967598773401,1.203000000000001,0.07484246,3.094000000000003,0.49436114285720006,0.72497946,1.3212916,1.1917262901402523,0.04630912742065493,0.90884906,0.09697917,6.3323405493263065,10.000000000000007,0.91400844,1.8240000000000014,-0.6202175311468797,1.4298224,0.64383847,87.82869476644555,0.010347973221972874,0.5755919,0.20636493,7.3676457829317155,10.000000000000007,0.6114667,3.0000000000000027,-0.12616087313709703,1.0777577,0.92526484,7.7797819867012095,0.07398560858503737,0.33325726,0.1938713,7.286432735979513,10.000000000000007,0.38554588,2.9730000000000025,0.2269981803280849,0.86726797,1.141815,2.954894543748665,0.11278143967654153,0.09115089,0.09697917,6.332334585417245,0.8870000000000007,0.13309105,1.8240000000000014,0.6202182836883376,0.643838,1.4298229,0.8834352797989062,0.10317777499190585
exposure_bin_new_medium_old_input,39.324052600488045,21.800233143766395,7.143404955831004,-2.7316597325133647,8.539005253688357,6.4482788642333855,-7.886324302258328,10.624873545850221,6.41581048223728,0.066242464,0.04721488,6.734191493729086,2.450000000000002,0.08134314,2.308000000000002,0.3958351186532929,0.76616615,1.2549132,1.9689412194575198,0.03364369631356435,0.8888135,0.093998514,6.418685265303392,10.000000000000007,0.89376885,1.5640000000000012,-0.5372089789836937,1.3695694,0.674056,89.43280655594208,0.009938337444106604,0.523833,0.19693223,7.027711867143038,10.000000000000007,0.5596185,3.023000000000003,-0.11238429937466787,1.0689968,0.9332263,7.077333179167056,0.07401558229541981,0.36498052,0.18910103,7.0189201779296715,10.000000000000007,0.4110478,3.051000000000003,0.17011023368132047,0.8994506,1.1048322,3.726226061658977,0.09794910850520298,0.111186504,0.09399851,6.418685265303392,1.456000000000001,0.14558765,1.5640000000000012,0.5372090710599904,0.674056,1.3695695,1.399522489591675,0.07944603614022824
both_train_old_input,37.35489027879066,30.121938269335004,7.295791004246828,-1.6494674719302882,9.116446812497687,6.105778431765228,4.00736550591087,12.10690495744882,6.342924737707969,0.06625598,0.05219204,6.995022935140627,1.7620000000000013,0.08434358,3.0250000000000026,0.40927490175754616,0.76741844,1.2618378,1.6115552317060633,0.04111306624043915,0.8879562,0.102895446,6.526227470991105,10.000000000000007,0.89389795,1.9130000000000014,-0.5485801934443577,1.3723654,0.6812411,74.47224374953657,0.011923317703494748,0.52718496,0.19358881,7.345344024456343,10.000000000000007,0.56160516,2.9460000000000024,-0.10879559278083076,1.0669813,0.93531317,7.415990096872122,0.07108760249161118,0.36077118,0.18978159,7.315569676166955,10.000000000000007,0.40764272,2.9860000000000024,0.18202181586932836,0.89288443,1.1129678,3.6137584831763547,0.09983267707547863,0.11204382,0.102895446,6.526226025205456,1.197000000000001,0.15212233,1.9130000000000014,0.5485799568882894,0.6812413,1.3723652,1.1857337794329084,0.09449324267245787
both_playroom_old_input,40.77514721036996,25.14645507221127,7.392892776589628,11.297079889145087,14.455877899399225,6.4873335164368475,27.222229175308506,22.105329258772382,6.928026999425735,0.053888056,0.04863822,6.8471349977957034,1.2440000000000009,0.07259168,2.5800000000000023,0.5084923450030789,0.7127739,1.334424,1.2275478576817136,0.043898949320766115,0.9113526,0.09282953,6.418078937705594,10.000000000000007,0.916068,1.6200000000000012,-0.6262033492895803,1.4397422,0.6332454,96.384975064444,0.009455339381880383,0.5595271,0.20036483,7.347048515770744,10.000000000000007,0.59431964,2.9280000000000026,-0.1318174570372985,1.0815625,0.92196393,7.798445179161945,0.07174855030115561,0.35182545,0.19425079,7.299647322833259,10.000000000000007,0.4018877,3.006000000000003,0.20462155454881356,0.8797303,1.1270263,3.280482227339462,0.10724808729926724,0.08864745,0.09282954,6.418088281392728,0.9140000000000006,0.128357,1.6200000000000012,0.6262029790500134,0.6332455,1.4397418,0.9119453922954932,0.0972069643878457
edge_images_dark_old_input,17.792179256465715,18.257086715506887,5.248718389824712,0.928749393483564,3.9212182392017074,5.21132952825537,-8.404544697937935,9.549699947374164,5.2170820141564525,0.040831704,0.044154603,4.906822577618435,0.8640000000000005,0.060082395,1.9000000000000015,0.606190825403687,0.646509,1.410841,0.8582164186011596,0.047577396077036406,0.93412936,0.08105467,4.820521636719757,10.000000000000007,0.9376267,1.356000000000001,-0.6708266577209862,1.4779742,0.58876973,133.29435963573724,0.0070080190206589,0.5889775,0.20566458,5.010827501136083,10.000000000000007,0.6237318,4.114000000000003,-0.30711051093835895,1.1928655,0.82811135,8.230614918004505,0.0715593623126427,0.34515178,0.19604355,5.0529598336464305,10.000000000000007,0.39676893,4.813000000000004,0.4024642629203751,0.7842571,1.2592925,3.1107773267876837,0.11095354810810504,0.065870725,0.081054665,4.820521636719757,0.6910000000000005,0.10433287,1.356000000000001,0.6708254885927735,0.5887707,1.4779736,0.6628002943645619,0.09938246673694803
exposure_pingpong_old_input,43.197737200556865,20.968805474632493,6.592896593557214,8.566430254916886,12.667500863738596,6.413391707306682,-39.45160872109661,22.601284556639854,6.5842133398060385,0.068466276,0.054286323,6.411198983361765,1.7310000000000014,0.0873649,3.359000000000003,0.413615854271046,0.76397943,1.2603579,1.5917287525889066,0.0430137818083613,0.88451076,0.108351395,6.159158724246856,10.000000000000007,0.891118,2.0370000000000017,-0.5600483791043214,1.3752407,0.6747696,66.68586716150458,0.013263842534559861,0.55384874,0.20225297,6.563169314956446,10.000000000000007,0.5895988,2.8240000000000025,-0.11293699302855269,1.0692753,0.9321792,7.503935672147236,0.07380777309676632,0.330662,0.19124684,6.548684384024973,10.000000000000007,0.38195258,2.9470000000000027,0.2584895128231214,0.8504473,1.1632727,2.991414142154568,0.1105370181079437,0.11548928,0.108351395,6.159158724246856,1.143000000000001,0.1583344,2.0370000000000017,0.5600480455139824,0.6747699,1.3752406,1.1368701795766043,0.10158528313173054
edge_truck_input,51.69040664777747,30.843332491328642,7.42941835302139,-2.084025115561597,7.848657815706048,5.799515930621474,-8.49711550024869,12.752391190339367,6.370722209747672,0.09203351,0.058439564,7.220548339381143,4.378000000000004,0.10901987,3.562000000000003,0.22362210821632136,0.86975616,1.1372374,2.4801640462456476,0.03710783432492711,0.8365634,0.123597264,6.81498119953171,10.000000000000007,0.84564453,2.3980000000000024,-0.39888965507250823,1.2576287,0.7668623,45.8123255837163,0.01826066326883707,0.4938712,0.18765338,7.336407116455363,10.000000000000007,0.5283203,2.9160000000000026,-0.06847286845279606,1.0419308,0.9590029,6.926549107306585,0.07130119094974827,0.3426923,0.18064432,7.27118654923431,10.000000000000007,0.38738894,2.7810000000000024,0.19227734693582127,0.8860157,1.1196915,3.598839044161707,0.0952230134368467,0.16343653,0.123597264,6.814981595815907,1.9940000000000015,0.20490901,2.3980000000000024,0.3988902848706906,0.76686186,1.257629,1.7485692343982464,0.09346871543652226
bin_new_medium_old_input,28.037234239153705,18.16034843188159,6.761562578048136,-2.1798439432631955,3.495253641027921,6.432874997104076,-6.2359023758361545,6.985673598916241,6.509948034603436,0.05450706,0.044705678,6.479173781940553,1.5760000000000012,0.070490025,2.028000000000002,0.48288142643554316,0.7151679,1.319422,1.487128073364147,0.03665257088947954,0.91188586,0.08538505,6.177449846235896,10.000000000000007,0.91587317,1.323000000000001,-0.6145471050790979,1.442484,0.62423414,114.09995240976514,0.007991991985041505,0.5696807,0.19818768,6.845861441467449,10.000000000000007,0.60315776,3.0280000000000027,-0.19796073534337394,1.1233627,0.88423467,8.26566475634587,0.06892133615458843,0.34220517,0.19041888,6.809290688834037,10.000000000000007,0.3915989,2.8540000000000028,0.26540515892107114,0.8468242,1.1687543,3.2308824495253816,0.10591694077422371,0.08811411,0.085385054,6.177254280029072,1.0670000000000008,0.12268612,1.323000000000001,0.6145473736757412,0.6242338,1.442484,1.065357554966809,0.0827084960720571
edge_bin_new_medium_input,24.144709801453942,19.870420927518307,7.038903984629993,-1.9124144165719912,5.670580310977599,6.478649938629569,-4.35913537509202,7.914556348216109,6.637274934037786,0.08756152,0.053368278,7.056399455335326,6.299000000000006,0.10254247,2.9930000000000025,0.27143501945681564,0.84181374,1.1699544,2.692130750985825,0.032524987693751256,0.84845257,0.11182711,6.702942200064393,10.000000000000007,0.85578966,2.024000000000002,-0.43470993078787024,1.286096,0.74200106,57.57007810118466,0.014737736080088402,0.5179269,0.18694662,7.242300584205189,10.000000000000007,0.55063087,2.7990000000000026,-0.09730349953584308,1.0597516,0.9415553,7.676046455163487,0.06747312692323039,0.33052567,0.1740157,7.19786756014832,10.000000000000007,0.37353203,2.714000000000002,0.20685892806115616,0.87785435,1.1297207,3.6080242143164156,0.09160849634698216,0.15154748,0.11182711,6.702981549544442,2.1620000000000017,0.18833722,2.024000000000002,0.4347093117056282,0.7420015,1.2860956,1.8367035344354008,0.08251057886891633
edge_truck_old_input,52.79996746804689,30.342363224401264,7.483706356614583,-2.119524409878497,8.200417905774025,5.91805063915305,-8.637613044625637,12.633319608803287,6.494857218174333,0.068785995,0.05341161,7.01484131226972,1.8380000000000014,0.08708782,3.255000000000003,0.4000827711508127,0.7734033,1.2544465,1.658565049124391,0.041473195922258656,0.88284564,0.10646422,6.550080420984487,10.000000000000007,0.8892417,2.0210000000000017,-0.5403207370973352,1.3637385,0.6873457,68.76477364247785,0.012838632395410478,0.5263414,0.19320963,7.339231265682949,10.000000000000007,0.56068254,2.910000000000003,-0.09993086493455847,1.0614711,0.9404266,7.421322852217656,0.07092285667445679,0.35650417,0.18716888,7.30865760017395,10.000000000000007,0.4026501,2.8680000000000025,0.18054011797520794,0.8930423,1.1119554,3.627987147015247,0.09826500242038966,0.11715446,0.106464215,6.55008782497795,1.2250000000000008,0.15830253,2.0210000000000017,0.5403196419802221,0.6873466,1.3637381,1.21091630156576,0.0967485947307886
both_truck_input,42.58757461625077,28.053186494208852,7.371835076087345,-2.040322424929737,9.139742892600989,6.028883927518743,-10.146878310813255,15.658590913817683,6.627697806216855,0.094942376,0.05815015,7.235795472757713,5.9660000000000055,0.111334965,3.359000000000003,0.20143464721662663,0.881746,1.1234868,2.665760563743106,0.03561549342122548,0.8309961,0.12407467,6.839739646222204,10.000000000000007,0.84020776,2.352000000000002,-0.38004519906724765,1.2446767,0.7762607,44.85742908227621,0.018525272192008908,0.4940002,0.18853103,7.337319590478883,10.000000000000007,0.52875316,2.9320000000000026,-0.06695419364777376,1.0409894,0.9599321,6.8658012014113865,0.07195085063276165,0.33699593,0.17870201,7.257907633019575,10.000000000000007,0.38144523,2.7780000000000022,0.1984087017052542,0.8825783,1.1237252,3.556256941855068,0.09476141739943209,0.16900386,0.12407467,6.839741693693362,2.200000000000002,0.20965864,2.352000000000002,0.38004563430455063,0.7762604,1.244677,1.855366435858187,0.09108921504920206
exposure_train_old_input,39.21205862679462,27.735803712132657,7.4329097507212785,-1.2860337399716213,8.557607892195387,6.115611666683472,5.584999221511863,12.861433341749134,6.3897851688768315,0.070813365,0.05383481,7.033873157057743,1.9610000000000014,0.08895328,3.1130000000000027,0.3583369950363518,0.7939892,1.2260526,1.7302505143007352,0.04092665782845191,0.8797003,0.10758892,6.587196361689355,10.000000000000007,0.88625497,1.9780000000000015,-0.5164383038959793,1.346715,0.6986355,66.8558280955267,0.013158170764250108,0.53493273,0.19580051,7.349147850469091,10.000000000000007,0.56964064,2.9430000000000027,-0.11431325887589171,1.0704708,0.93211514,7.4640669226155865,0.07166773052185049,0.34476748,0.18755426,7.291407522914607,10.000000000000007,0.3924804,2.878000000000003,0.20453791190875992,0.87931687,1.127266,3.37911982438186,0.1020287854235358,0.12029973,0.10758892,6.587192769535524,1.271000000000001,0.16139168,1.9780000000000015,0.516437828921477,0.69863576,1.3467146,1.2502562140653595,0.09622005905096988
edge_playroom_input,47.37597445735069,24.194962520647664,7.419013083220609,16.318130793957078,14.603691058086136,6.414448689702862,36.21344610816424,21.56820609289337,6.85008030181326,0.083747454,0.05786602,7.1712862678223805,2.7750000000000026,0.10179436,3.7030000000000034,0.2582852236221416,0.8504684,1.1587793,2.094589176137575,0.039982756759702795,0.8533259,0.11923357,6.764879921294459,10.000000000000007,0.8616157,2.385000000000002,-0.4281675321387089,1.2777667,0.7507174,51.2195307464026,0.016660167007240694,0.5049886,0.19030814,7.3336313479457615,10.000000000000007,0.5396578,2.9150000000000027,-0.07773576515751769,1.047693,0.9535445,7.04127524503042,0.07171834906323846,0.34833726,0.18537232,7.294228236993699,10.000000000000007,0.39459035,2.8400000000000025,0.19129809004472925,0.8868265,1.1189499,3.5311237545838594,0.09864770501798327,0.14667408,0.11923357,6.764885887588845,1.613000000000001,0.18902338,2.385000000000002,0.42816772582665047,0.7507173,1.2777668,1.5132563725502592,0.0969261365018801
edge_train_old_input,45.427214298222495,32.22857162525037,7.4088985269107335,-1.6044679871127252,8.756679168127926,6.164233134724249,3.274270608449874,11.942236805205145,6.3163387797953465,0.06479763,0.052317906,7.007719984180373,1.6430000000000013,0.08328191,3.0050000000000026,0.4277997119271617,0.7573373,1.2743677,1.5339832355421237,0.04224142310142775,0.8901404,0.10323473,6.5284114886041795,10.000000000000007,0.89610666,1.8670000000000015,-0.5638398408160331,1.3845947,0.6721382,74.34784240894169,0.01197264566922252,0.52146906,0.19229531,7.340807083606914,10.000000000000007,0.5557942,2.9370000000000025,-0.10131426309340782,1.062348,0.93970776,7.353985203765262,0.07090972896679235,0.36867127,0.19027123,7.320698676482351,10.000000000000007,0.4148752,2.910000000000003,0.16589732124600684,0.90163594,1.1025845,3.7543557271789183,0.09819828221443216,0.10985967,0.10323472,6.528411218818803,1.1380000000000008,0.15075305,1.8670000000000015,0.5638388502194468,0.672139,1.3845942,1.132473271996389,0.09700861525023792
truck_input,48.04584048961475,27.893290946527596,7.440696219057882,-2.96161487811576,8.28796771198641,5.893689657263087,-3.2603143406945874,13.896014180401188,6.519245647492235,0.09814889,0.05906621,7.249199550639203,7.4130000000000065,0.114551246,3.265000000000003,0.1636852139551968,0.90320534,1.0999769,2.7611922516391587,0.035545838541434824,0.8250625,0.12689516,6.9043334474902585,10.000000000000007,0.83476365,2.3790000000000022,-0.3512240297953305,1.2249849,0.79254866,42.275394439697266,0.019516375994752234,0.50571454,0.19370092,7.352776878036619,10.000000000000007,0.5415413,2.8350000000000026,-0.05937062277838787,1.0364021,0.9643518,6.816345256534987,0.07419145263281413,0.31934795,0.17573994,7.234330647134437,10.000000000000007,0.36450973,2.7000000000000024,0.21690785875195828,0.87141967,1.1356279,3.3021090620625273,0.09671029616071056,0.17493749,0.12689517,6.90434292567468,2.295000000000002,0.21611421,2.3790000000000022,0.3512240297953305,0.79254854,1.2249848,1.9005517684281727,0.09204562462984593
exposure_images_dark_input,28.564537050929125,17.108813327664123,6.320117386632657,7.088052100313549,6.088391838016224,6.066505786487209,-18.05613746001839,10.906416875507592,6.088274452600923,0.06720328,0.05508873,6.163969974850747,1.5790000000000013,0.08687892,4.873000000000005,0.4223640991036273,0.7689312,1.2672381,1.4897031646450074,0.04511185912762098,0.8864142,0.10819463,6.039693157611138,10.000000000000007,0.8929861,2.4350000000000023,-0.571193863934756,1.3854749,0.68368596,67.19025441285703,0.013192600422469013,0.5479347,0.19492875,6.273903272555355,10.000000000000007,0.5815418,2.501000000000002,-0.09052782656413184,1.0552471,0.94428205,7.909519238184259,0.06927535032981344,0.33847946,0.18707469,6.2078623025816375,10.000000000000007,0.38669044,2.364000000000002,0.21514246833444578,0.8709614,1.136005,3.277018600855982,0.1032888392003677,0.113585815,0.10819462,6.039693157611138,1.1070000000000009,0.15683062,2.4350000000000023,0.5711940579862969,0.68368584,1.385475,1.1032683256281786,0.10295393278508772
edge_pingpong_old_input,25.738443022882656,17.196052023278135,6.881766650924038,0.606173581775724,5.361095727129153,6.414268490980795,-15.980040676593147,11.54536639926364,6.670630612603912,0.05508042,0.042789105,6.668016375909529,1.8360000000000014,0.06974535,1.8710000000000016,0.49053307069089547,0.7115375,1.3312014,1.6573349357400389,0.03323433207701514,0.90972906,0.0828521,6.317300879003748,10.000000000000007,0.9134934,1.288000000000001,-0.6099382635169215,1.4416525,0.62546676,120.5866744523164,0.007544192278710894,0.53593254,0.19284557,7.131567016067324,10.000000000000007,0.56956655,3.2020000000000026,-0.096211939798378,1.0582672,0.94246835,7.724728344898324,0.0693788200827266,0.37379655,0.18757048,7.063314644279794,10.000000000000007,0.41821033,3.2450000000000028,0.1645415915523806,0.9040926,1.101968,3.9721337020392298,0.09410472800603206,0.090270944,0.0828521,6.317423512940056,1.1980000000000008,0.122523524,1.288000000000001,0.609938129888691,0.6254668,1.4416524,1.1873291450037868,0.07602857217537666
both_bin_new_dark_input,32.02198537725609,24.64004319545484,7.044844030106383,3.684188977611267,9.554628229423951,6.4521288782401065,-11.618555675544972,12.90859864277999,6.487577307867557,0.080166854,0.05109902,6.900592182129157,4.266000000000004,0.0950644,2.450000000000002,0.3506261927247907,0.794652,1.2252086,2.4618605239093085,0.03256352432626326,0.8620217,0.10521879,6.589113512961976,10.000000000000007,0.86841804,1.7420000000000013,-0.5025247512343464,1.3416889,0.7010203,67.13495103469177,0.012840132741972014,0.50295126,0.18690845,7.112021050053117,10.000000000000007,0.5365508,2.966000000000003,-0.1139442112448875,1.070293,0.93245864,7.242571652414199,0.06944373857854079,0.35907045,0.18289131,7.064288956471859,10.000000000000007,0.4029556,2.8440000000000025,0.19086333378253373,0.88776165,1.1193336,3.8554231585845287,0.09313385983744676,0.13797832,0.10521878,6.589113512961976,1.9430000000000016,0.1735122,1.7420000000000013,0.5025248447391962,0.7010203,1.341689,1.720022121491084,0.08021891890235316
both_truck_old_input,36.69566929713627,33.04192123821047,6.768156450322129,-2.3839969497865083,9.116463972031468,5.735842919471515,-0.5194282721244398,16.12604641265237,6.312786397148676,0.10537283,0.059172142,7.242456450893194,10.000000000000007,0.12084868,2.9630000000000027,0.10660471365152592,0.93625855,1.0652236,3.171528812553234,0.03322461838572575,0.80987656,0.12842247,7.00360803727362,10.000000000000007,0.8199942,2.359000000000002,-0.2993563048263338,1.191009,0.82214624,39.77421517640528,0.020361850326613706,0.49000937,0.18741044,7.218304803434885,10.000000000000007,0.5246219,2.878000000000003,-0.06583790969792867,1.0403696,0.96055824,6.837025556617903,0.07166996627200314,0.31986713,0.17137574,7.120772980824102,10.000000000000007,0.3628795,2.513000000000002,0.20587739923881174,0.87649685,1.1287484,3.484067083615642,0.09180855032922584,0.19012348,0.12842247,7.00360803727362,3.0740000000000025,0.2294287,2.359000000000002,0.2993558694687089,0.82214653,1.1910088,2.1919744454976495,0.08673618331909531
drjohnson_old_input,27.36574915427348,19.476868435503974,7.168653345769697,5.304767878669238,6.763874360697695,6.299579630582806,9.893721438277078,10.034238822310654,6.653541740538832,0.041352205,0.044505354,6.562969620480695,0.8680000000000005,0.060751185,1.9170000000000014,0.6458617286845431,0.63669896,1.450179,0.8633328760920769,0.04789833257948844,0.93243957,0.08331515,6.0847433190375355,10.000000000000007,0.9361543,1.258000000000001,-0.732080461846212,1.5512297,0.5671598,125.2560910167822,0.00744426491103991,0.5493848,0.20132515,7.377653309086383,10.000000000000007,0.5851111,2.8830000000000027,-0.09810983330285541,1.0602155,0.9412976,7.4466776628447064,0.07377581864166692,0.38305476,0.1996308,7.357414005753539,10.000000000000007,0.43195242,2.9880000000000027,0.14393750198872976,0.91449565,1.0885231,3.6819009341061246,0.10403722695201223,0.067560464,0.08331515,6.084742824707961,0.6860000000000004,0.107264824,1.258000000000001,0.73207992974506,0.5671601,1.5512294,0.6575712361521688,0.10274242468262515
exposure_playroom_input,38.920461744041866,20.12294597243856,7.288185118842165,10.509067132970989,13.523762074112954,6.526889383979934,26.966353399453244,19.790408143642725,6.982866560903544,0.07717232,0.056713052,7.120609383580222,2.192000000000002,0.09577,3.528000000000003,0.3125872063202587,0.82034856,1.1944393,1.8516667322592326,0.04167721978743843,0.8674402,0.11560058,6.699027573636284,10.000000000000007,0.8751091,2.221000000000002,-0.4795229868787212,1.3161024,0.72179675,56.30732088527657,0.015405460752280924,0.545248,0.20301583,7.382858514180973,10.000000000000007,0.5818163,2.9670000000000027,-0.0871596909408887,1.0534731,0.94804156,7.213300488178959,0.07558924834027357,0.32219225,0.18547326,7.271022724999534,10.000000000000007,0.37176302,2.9070000000000027,0.231393518816985,0.8641927,1.1444962,3.017681264594799,0.10676815603814611,0.13255975,0.11560058,6.699029697069682,1.3490000000000009,0.17588463,2.221000000000002,0.47952332352802995,0.7217966,1.3161026,1.3149496530173224,0.10080976068160524
truck_old_input,50.25318879535286,26.513023649195574,7.530117977070048,-2.834353598133503,8.51469219915333,5.992067544680221,-4.401385507674259,14.035062997446303,6.649826602511769,0.0779028,0.056990433,7.1546705016364545,2.227000000000002,0.0965231,3.6520000000000032,0.2926191416193645,0.83142173,1.1809677,1.8685673901659925,0.041691192394918856,0.8658362,0.1156886,6.7526278882507205,10.000000000000007,0.87353075,2.322000000000002,-0.4567971076965683,1.2981768,0.7344826,56.01404191553593,0.015457485313375052,0.53908837,0.19862498,7.357309807723431,10.000000000000007,0.57451504,2.9290000000000025,-0.09764105732927936,1.0602536,0.9420371,7.366457245888341,0.0731814938098269,0.3267478,0.1831469,7.245086046884453,10.000000000000007,0.37457496,2.746000000000002,0.2240836141292079,0.8679622,1.1405543,3.18297132333106,0.10265495932974995,0.1341638,0.1156886,6.752630461404872,1.386000000000001,0.17715411,2.322000000000002,0.4567971076965683,0.7344826,1.2981768,1.3449188278355564,0.09975604971128
edge_train_input,44.112895122755376,32.581198725231204,7.373106999409062,-1.0742423435680657,8.816484074006059,6.139059030197628,3.017427155398316,12.196811159065836,6.2439445706832934,0.0823916,0.05660372,7.172750170025152,2.8450000000000024,0.0999617,3.424000000000003,0.291034545725749,0.8322009,1.1810826,2.11874158222804,0.038887045221839354,0.8557947,0.11668369,6.794535611132861,10.000000000000007,0.8637127,2.221000000000002,-0.4538207259152932,1.2979832,0.7355321,53.79240474540802,0.015909211804086845,0.49639857,0.18757644,7.332235832946154,10.000000000000007,0.5306565,2.9140000000000024,-0.07810420087186651,1.0479296,0.9533326,7.0033608985227715,0.07088004781531064,0.35939613,0.18604378,7.301117130755104,10.000000000000007,0.40469456,2.8880000000000026,0.17341527266129486,0.8972799,1.1074486,3.7318015280622063,0.09630633265922699,0.14420527,0.11668369,6.794544250199463,1.6340000000000012,0.18549983,2.221000000000002,0.4538207259152932,0.7355321,1.2979832,1.5273690676181673,0.094414159606865
edge_playroom_old_input,46.21823817329742,26.066385179312253,7.484392460273362,16.847035204096816,16.10081592624548,6.648686900770006,34.76651864041111,23.63790555589077,7.020730991271925,0.055002086,0.049062934,6.82224026929951,1.278000000000001,0.073704526,2.7870000000000026,0.49254283017925454,0.722554,1.3210472,1.2567790291387269,0.0437643232843488,0.909237,0.09400661,6.329708635653694,10.000000000000007,0.9140838,1.6790000000000014,-0.613843783832259,1.4276085,0.6410608,93.55027608101318,0.009719234385893376,0.5561328,0.19808766,7.345205959543712,10.000000000000007,0.59035724,2.9630000000000027,-0.12873207207535853,1.0794448,0.9237112,7.882244368102022,0.07055513696618015,0.35310435,0.19197936,7.295994847778148,10.000000000000007,0.401918,2.9450000000000025,0.20285205118396477,0.8808871,1.1263914,3.383021115827219,0.10437544449653521,0.09076293,0.09400661,6.329707438803264,0.9330000000000007,0.13067134,1.6790000000000014,0.6138443885549638,0.6410604,1.4276088,0.9321972653792763,0.09736450731178584
edge_drjohnson_input,33.28064081178234,24.17494683227182,7.20996415715609,2.6507061709307123,7.1464523455837625,6.184737723045334,10.729201237575793,10.422086190068386,6.4024824689406925,0.07321199,0.05757586,7.100951338744246,1.7700000000000014,0.09313946,3.8980000000000032,0.3517342403511249,0.800919,1.2197117,1.6169083716682167,0.045278995762008376,0.8726074,0.116485775,6.68650983840498,10.000000000000007,0.88034797,2.2940000000000023,-0.5041349231044909,1.3331113,0.7102811,56.116919645439566,0.01554980880244282,0.5060864,0.19192132,7.350976689914434,10.000000000000007,0.5412552,2.8760000000000026,-0.07256560701371545,1.044559,0.9565876,6.953519218357144,0.07278133744496368,0.36652094,0.19056049,7.32061572159073,10.000000000000007,0.413099,2.9330000000000025,0.16732411125642427,0.9010192,1.1035833,3.6994204979537813,0.09907523113659661,0.12739256,0.116485775,6.686511592887301,1.2080000000000009,0.17262024,2.2940000000000023,0.5041352125777607,0.71028084,1.3331114,1.19603586791699,0.10651232975013251
both_train_input,36.21303048587331,30.11863084331499,7.2692417232288715,-1.2248250984062348,9.361344975445927,6.081761354437555,3.6567641577065375,12.569824911484162,6.280340771492364,0.08531303,0.056570325,7.16343983325742,3.3700000000000028,0.102364525,3.444000000000003,0.2647758718514149,0.8465618,1.1638603,2.2743408994426915,0.03751110088450748,0.850493,0.11724728,6.7413981523699755,10.000000000000007,0.85853666,2.264000000000002,-0.4338615505187193,1.2834151,0.74671936,52.618464099654375,0.016163394199114733,0.4978283,0.18764079,7.333329715705363,10.000000000000007,0.5320168,2.9060000000000024,-0.07780318768361809,1.0477445,0.95349365,7.038933357387634,0.07072495747970879,0.3526647,0.18442181,7.282987942710623,10.000000000000007,0.39797443,2.8750000000000027,0.18387680389987254,0.89136803,1.1142877,3.6568041725549847,0.0964406881007701,0.14950696,0.11724728,6.741397378501058,1.7850000000000013,0.18999784,2.264000000000002,0.4338618396229103,0.7467191,1.2834152,1.625996124465928,0.09194792124209471
exposure_bin_new_medium_input,39.66329633409847,21.908006716328295,7.032619070226874,-2.141197228347322,7.992535288489551,6.4348962607606515,-8.14049201848226,9.783851991953885,6.331375673509581,0.11299297,0.053984176,7.094708779217324,10.000000000000007,0.12522507,2.8910000000000027,0.13880293791236423,0.9170252,1.0852333,4.381545994586361,0.025788378985571576,0.7965667,0.12085022,6.833387825659489,10.000000000000007,0.80568063,2.279000000000002,-0.3226184616791439,1.2073736,0.8085443,43.45170431774227,0.018332231180088743,0.48556578,0.18888237,7.217196245868259,10.000000000000007,0.52100474,2.8830000000000027,-0.06045894783407801,1.0369262,0.9636445,6.609533977107503,0.07346445483728983,0.31100088,0.1713904,7.1250327284943555,10.000000000000007,0.35509482,2.7110000000000025,0.19769274811780801,0.8815599,1.1222864,3.293121406635592,0.0944395453649448,0.20343333,0.12085023,6.833387825659489,9.264000000000006,0.23661776,2.279000000000002,0.322617786669069,0.80854464,1.2073731,2.834045188095402,0.07178196907291552
exposure_train_input,37.824601623882174,27.820660496236812,7.387721914400722,-1.051241173755453,8.628546380883112,6.045051920605651,5.232064752479671,13.338603398384288,6.398537154730231,0.08840124,0.05705034,7.208661648704664,3.9320000000000035,0.10521168,3.335000000000003,0.2419373802270396,0.8590041,1.1494747,2.4010610446894134,0.03681757250661039,0.8451902,0.119093515,6.821443813549517,10.000000000000007,0.85353947,2.260000000000002,-0.414989989950023,1.2699268,0.7564868,50.365793139462994,0.016781036093215948,0.5092825,0.19028553,7.347297459986379,10.000000000000007,0.54366994,2.8990000000000027,-0.08252593631241226,1.050654,0.9506649,7.163231531173153,0.07109675418731201,0.33590767,0.18132597,7.258669580251244,10.000000000000007,0.38172352,2.8320000000000025,0.2048266668692769,0.87910736,1.127698,3.4318064592767428,0.09788071047596854,0.15480988,0.119093515,6.821438625896745,1.8900000000000015,0.19531839,2.260000000000002,0.4149887855575763,0.75648755,1.2699261,1.6897562687065601,0.09161668463910563
edge_bin_new_dark_input,19.931170654611215,18.43688840603816,6.546234552778895,-0.4925269810067751,5.052735263869388,6.408107411652263,-8.51064330202925,9.183568686711299,6.524679837382305,0.06784898,0.05335882,6.65917340706319,1.7710000000000015,0.086309984,3.8120000000000034,0.4042084760594417,0.7748727,1.2566657,1.6175672219876702,0.041945080101794645,0.8854913,0.105060175,6.360839214287758,10.000000000000007,0.8916994,2.193000000000002,-0.5367091332347259,1.3583257,0.6922938,71.06903749537105,0.01245959479700929,0.5421271,0.1986798,6.808659978878384,10.000000000000007,0.5773719,2.9390000000000027,-0.11658657694781661,1.0717683,0.93064773,7.448738940980149,0.0727810513682689,0.34336433,0.19044568,6.782636178940262,10.000000000000007,0.3926231,2.9130000000000025,0.22606816332321936,0.8680259,1.1418383,3.2520423139578867,0.10558421384648554,0.114508666,0.10506018,6.3602390868587015,1.2000000000000008,0.15538692,2.193000000000002,0.5367094214223401,0.6922936,1.3583258,1.1884706852083724,0.09634960286685433
exposure_pingpong_input,45.168258533479246,21.15443202892788,7.18229599619143,4.3814487582135175,11.303355038404732,6.659686852651117,-32.359066296046024,18.724783285764783,6.841923753895161,0.09698581,0.055684138,7.156844905206928,10.000000000000007,0.11183343,3.128000000000003,0.1923066530586097,0.8863657,1.1181666,3.0338126668044083,0.031968290972931725,0.82971853,0.11984246,6.801009657630719,10.000000000000007,0.83832806,2.2260000000000018,-0.3794881597649464,1.2452135,0.77499354,47.937514046049046,0.01730833477132845,0.5183218,0.19461328,7.286231804685552,10.000000000000007,0.5536504,2.8500000000000023,-0.10906941755758096,1.0675411,0.935229,7.093970996852988,0.07306511428439254,0.3113967,0.17370139,7.139705293515183,10.000000000000007,0.35656363,2.8000000000000025,0.21965482854669482,0.8699905,1.1368021,3.2140807946707497,0.09688514798343605,0.17028147,0.11984246,6.801051274508458,2.573000000000002,0.20822302,2.2260000000000018,0.3794881597649464,0.77499354,1.2452135,2.019057728094836,0.0843371043326942
both_images_dark_input,29.711966090057008,23.06022490772872,6.447298029163136,6.496127888703496,9.004931757809098,6.179106119900391,-14.360191115473356,14.195649965072088,6.172410585279182,0.07671292,0.055958,6.331666331014947,2.2540000000000022,0.094938524,3.746000000000003,0.30505008316787313,0.82465404,1.1885732,1.881081614603545,0.04078128055866108,0.867902,0.11243184,6.15898727993777,10.000000000000007,0.8751476,2.1420000000000017,-0.4466385220602246,1.2908682,0.7352634,59.64276326663912,0.014551673642534834,0.5238638,0.18700881,6.392005118255668,10.000000000000007,0.5562138,2.2780000000000022,-0.09083103582893505,1.0561572,0.94386476,7.854302972878088,0.06669768487764054,0.3440382,0.18054965,6.4123273600959925,10.000000000000007,0.38849816,2.5110000000000023,0.24186433099143334,0.8568893,1.1532542,3.6342517433809576,0.09466548082539074,0.132098,0.11243184,6.15898727993777,1.433000000000001,0.17343386,2.1420000000000017,0.4466386658048389,0.73526335,1.2908683,1.3816845875683157,0.09560648893842376
exposure_drjohnson_input,40.059095507520674,22.957299431885264,7.393735396968281,9.969556645413375,12.379533592807086,6.714595547788413,14.964402587114968,14.626009712775204,6.793070455119741,0.05975156,0.05407399,6.931792114461282,1.2370000000000008,0.080586776,3.260000000000003,0.4834668229328998,0.7308886,1.3121349,1.2210237248900881,0.04893562372384101,0.89801586,0.10629077,6.45805234892268,10.000000000000007,0.90428424,1.8870000000000016,-0.6128213409993691,1.4227552,0.64941853,71.38046640648099,0.012580694770575595,0.51292527,0.19533578,7.361431062593206,10.000000000000007,0.5488608,2.8740000000000023,-0.06999560266497695,1.0429376,0.9580776,6.895204470222097,0.07438870037797754,0.38509056,0.19793163,7.351966595984855,10.000000000000007,0.43297973,2.9920000000000027,0.14108074972584908,0.9162764,1.0868343,3.785278311332277,0.10173375056976489,0.101984166,0.106290765,6.458051939636496,0.9220000000000006,0.14730388,1.8870000000000016,0.6128211048344623,0.64941883,1.4227552,0.9206125982963762,0.11077858745537927
exposure_truck_old_input,38.741800949484784,24.83459600065603,7.4393602827355645,-2.7461001442963004,9.641552157222627,6.266054580115171,-6.312440826854262,17.60371702390141,6.774774734750725,0.08206406,0.056149833,7.159186217375053,2.8970000000000025,0.099434726,3.432000000000003,0.2649876459442901,0.8462842,1.1638995,2.136072641350495,0.03841819967197107,0.85859805,0.11507354,6.787585980229494,10.000000000000007,0.866275,2.2620000000000022,-0.43479532338150545,1.2835171,0.74561983,55.671864254328284,0.015422476776764395,0.5367843,0.1980181,7.358970911484718,10.000000000000007,0.57214326,2.7970000000000024,-0.09413991888105946,1.0580914,0.94373184,7.348467296608817,0.0730471150881969,0.3218138,0.18129165,7.248094101114491,10.000000000000007,0.36936465,2.7850000000000024,0.2250743714025011,0.86728823,1.1407928,3.151088328705157,0.10212781677991267,0.14140192,0.11507355,6.787582611034151,1.6080000000000012,0.182308,2.2620000000000022,0.4347956124607183,0.7456195,1.2835171,1.5099636459709131,0.09364590353351628
